nombre,popularidad
Schamberger LLC,1
"Hegmann, Marquardt and Rath",2
Lubowitz-Nienow,3
Abbott LLC,4
"Larson, Dicki and Ortiz",5
"Brown, Bergstrom and Boyle",6
"Runolfsson, Altenwerth and Gislason",7
Graham Inc,8
"Bogisich, Murphy and Boyle",9
McCullough LLC,10
Roob-Reinger,11
"Pollich, Adams and Streich",12
Von LLC,13
Lockman-Ratke,14
Reilly-Rau,15
Quigley Group,16
Dicki-Howell,17
Koss-Corkery,18
Nienow-Baumbach,19
"Quigley, Cruickshank and Koss",20
Kozey-Williamson,21
Bechtelar Inc,22
Batz-Mayer,23
"Schultz, Kuhn and McDermott",24
"Leuschke, Schroeder and Olson",25
Prohaska and Sons,26
Ondricka LLC,27
Hintz LLC,28
"Romaguera, O'Hara and Kirlin",29
"Keeling, Schmidt and Toy",30
Marquardt-Champlin,31
Schneider Group,32
"Quigley, Langosh and Torp",33
"Stroman, Abshire and Daugherty",34
Greenfelder Inc,35
"Batz, Heidenreich and Macejkovic",36
Steuber Inc,37
Dare Inc,38
"Rogahn, Denesik and Dibbert",39
"Satterfield, Kreiger and Macejkovic",40
Ullrich LLC,41
"Purdy, Kertzmann and Kunde",42
Langosh Inc,43
Feest Inc,44
Denesik-Welch,45
"Douglas, Schamberger and Dickens",46
Kohler-Lynch,47
Lemke-Friesen,48
Kerluke and Sons,49
"Auer, Hessel and Farrell",50
"Stroman, Harber and Huel",51
"Prosacco, DuBuque and Murazik",52
Hilpert-Cummerata,53
Quigley Inc,54
"Monahan, Wolff and Langosh",55
"Metz, Koch and Anderson",56
Doyle and Sons,57
Corwin Inc,58
"Schultz, Volkman and Weissnat",59
Jaskolski-Volkman,60
"Walker, Schuppe and Ullrich",61
Kutch LLC,62
Wolf and Sons,63
Dietrich LLC,64
Doyle-Crooks,65
"Parisian, Stamm and Goldner",66
Huels Inc,67
Moore-Kovacek,68
Marquardt Group,69
Volkman and Sons,70
Stroman-Cronin,71
Kuhlman-Blanda,72
Fay-Fahey,73
Baumbach LLC,74
Runolfsdottir-Nicolas,75
"Marks, Schowalter and Dare",76
Langworth-Sanford,77
"Gorczany, Nader and Gleason",78
"Kessler, Roob and Fay",79
Bradtke-Boehm,80
"Waters, Moore and Leffler",81
Lebsack-Kuhic,82
Morissette-Kihn,83
Block-Upton,84
Kling and Sons,85
Grady Inc,86
"Monahan, Muller and McDermott",87
Morissette Inc,88
Reynolds-Jerde,89
"Kutch, Hoppe and Fay",90
"Paucek, Rowe and McDermott",91
"Boyer, Bode and Hilll",92
"Bednar, Grady and Donnelly",93
"Cruickshank, Nader and Hickle",94
O'Conner Inc,95
Hilpert-White,96
"Wiegand, Mraz and Lubowitz",97
McClure LLC,98
"Kassulke, Fritsch and Bruen",99
Gibson LLC,100
Mayer-Kihn,101
Mueller-Green,102
Grant-Conn,103
Russel Inc,104
Orn and Sons,105
Keeling Group,106
Keebler-Nienow,107
Volkman-Howell,108
Gusikowski LLC,109
O'Connell-Lubowitz,110
Terry and Sons,111
Shanahan-Mraz,112
Lebsack LLC,113
Nienow Group,114
Pollich and Sons,115
"Dickens, Crooks and Gerhold",116
Roberts Inc,117
Fritsch Group,118
Dickinson-Lebsack,119
"Halvorson, Hane and Walker",120
Mosciski Inc,121
Blick-Von,122
Bartoletti-Heidenreich,123
Cole Inc,124
Padberg-Feest,125
"Herman, Halvorson and Little",126
Effertz and Sons,127
Feil LLC,128
"Aufderhar, Beier and Murray",129
Wisozk Group,130
Bosco-Jenkins,131
Mann Inc,132
Turcotte Inc,133
"Goodwin, Fadel and Moen",134
Parisian LLC,135
"Larson, Russel and Collier",136
"Abernathy, Hoppe and Kutch",137
Abshire-Hudson,138
Grady LLC,139
Tillman-Dickinson,140
Stamm LLC,141
Harvey-Howell,142
"Hoeger, Olson and Hoppe",143
Romaguera-Barton,144
Hessel-Yundt,145
Effertz and Sons,146
Harber-Hegmann,147
Walter Inc,148
Halvorson-Langosh,149
"Bartell, Treutel and Gibson",150
"Altenwerth, Rempel and Bergstrom",151
Stehr Group,152
Boyle-Bosco,153
Schimmel Inc,154
Zboncak-Barton,155
MacGyver Group,156
Farrell Inc,157
"Quigley, Ziemann and Ledner",158
Kertzmann Group,159
Labadie Group,160
Bailey-Powlowski,161
Quitzon-Legros,162
Reichert-Ferry,163
"Roob, Kuphal and D'Amore",164
"Dach, Parisian and Satterfield",165
"Oberbrunner, Orn and Yost",166
Bogisich LLC,167
O'Kon Inc,168
Gusikowski and Sons,169
"Armstrong, Bergstrom and West",170
Stokes-Strosin,171
Rutherford-Will,172
Jones Group,173
Swift LLC,174
"Herzog, Lindgren and Wolf",175
Schowalter Inc,176
Stamm-Rice,177
Hettinger-Renner,178
Dietrich Group,179
Glover-Bednar,180
Hills-Howe,181
Hackett Group,182
Ullrich-Goodwin,183
Jones Group,184
"Armstrong, Stamm and Ankunding",185
"Terry, Rohan and Effertz",186
"Wolff, Bartoletti and Jacobi",187
"Pfannerstill, Swift and Lueilwitz",188
Leannon LLC,189
"Kuvalis, McGlynn and Brekke",190
"Nicolas, Leannon and O'Kon",191
"Parker, Towne and Blick",192
Douglas Inc,193
Rempel and Sons,194
Armstrong LLC,195
Stanton-Smith,196
Konopelski-Kautzer,197
"Kassulke, McGlynn and Wunsch",198
Armstrong and Sons,199
"Feest, Turcotte and Hammes",200
Lubowitz-Grady,201
Zieme Inc,202
Kub-Rohan,203
Herzog Group,204
Kozey-McClure,205
Gutmann Inc,206
"O'Reilly, Kreiger and McCullough",207
"Schinner, Ziemann and Mertz",208
Ankunding-Hyatt,209
Wisoky LLC,210
Stiedemann Group,211
"Shields, Bernhard and Hills",212
Donnelly-Hammes,213
O'Reilly-Oberbrunner,214
"Boyer, Hills and Larkin",215
"Reilly, Graham and Spinka",216
Dare LLC,217
"Conn, Gerhold and Hamill",218
Jenkins-Streich,219
"Schmitt, Carroll and Kuphal",220
Welch LLC,221
Haley-Maggio,222
"Huels, Haley and Purdy",223
Upton-Schaden,224
Wuckert-Weissnat,225
Schulist-Lynch,226
Gleichner-Hegmann,227
Kessler Group,228
Gleason Inc,229
"Hyatt, Strosin and Wintheiser",230
Tillman-Bode,231
Conroy-Bruen,232
"Runte, Labadie and Wisoky",233
Beier-Upton,234
"Fahey, Walsh and McCullough",235
Koch Group,236
"Stracke, Hoeger and Franecki",237
"Hyatt, Ratke and Cruickshank",238
Kessler-Mann,239
"Okuneva, Kunde and Johnston",240
"Tillman, Runolfsson and Thiel",241
"Cronin, Corwin and Hudson",242
Wiza LLC,243
Kautzer Group,244
Lockman-Hammes,245
Crist Inc,246
Grady LLC,247
Gutkowski Group,248
McLaughlin-Boyle,249
Flatley-Daniel,250
Dietrich-Weimann,251
Bruen-Von,252
Ernser Group,253
Schinner-Kuvalis,254
Hansen-Parisian,255
Kuhlman-Jaskolski,256
Stamm Group,257
"Zulauf, Kemmer and Ferry",258
Goldner-White,259
"Rempel, Beier and Auer",260
"Kiehn, Beahan and Brown",261
"Sauer, Goldner and Legros",262
"Larson, Pagac and Grimes",263
"McKenzie, Botsford and Hermiston",264
Ondricka and Sons,265
Renner-Reinger,266
Stiedemann-Macejkovic,267
Harber-Lowe,268
Legros-Treutel,269
O'Kon-Jones,270
"Mraz, Ratke and Ziemann",271
Mraz-Kshlerin,272
Lebsack-Conn,273
"Frami, Konopelski and Sawayn",274
Champlin-Keeling,275
Gulgowski Inc,276
"Nader, Watsica and Kshlerin",277
Flatley-Jast,278
"Crooks, Kuhic and Blick",279
Pfeffer-Lemke,280
Walsh-Gleichner,281
Powlowski Group,282
Douglas Inc,283
Swift-Lang,284
"Schulist, Keebler and Metz",285
Kuvalis-Kulas,286
"Windler, Paucek and Batz",287
"Monahan, Wuckert and Sawayn",288
Douglas Inc,289
Pacocha Inc,290
Blick-Fisher,291
Jacobi-Gleason,292
Schultz-Olson,293
"Bosco, DuBuque and Schoen",294
"Oberbrunner, Runolfsson and Graham",295
Altenwerth-Cremin,296
O'Conner-Waters,297
"Lockman, Kiehn and Roberts",298
Bogan LLC,299
Stoltenberg-Schowalter,300
Waters Inc,301
Paucek Group,302
Beer-Ernser,303
Leannon-Weimann,304
Reynolds-Baumbach,305
Ankunding-Bednar,306
Pfannerstill Group,307
Oberbrunner and Sons,308
Barrows Group,309
"Macejkovic, Herzog and Thompson",310
Morissette-Howell,311
Cormier Group,312
Hagenes Group,313
Toy-Sauer,314
Wolf-Kessler,315
Dare Inc,316
Hettinger Inc,317
"Herman, Schultz and Zieme",318
Feeney and Sons,319
"Ernser, Hodkiewicz and Gerhold",320
Donnelly LLC,321
Koelpin Group,322
"O'Conner, Sipes and Kunde",323
"Luettgen, Schowalter and Halvorson",324
Waelchi-Halvorson,325
"Wiza, Mraz and Treutel",326
Beier-Bartoletti,327
Kemmer-Barrows,328
Beier-O'Hara,329
Blick-Gorczany,330
"Spinka, Hahn and Hyatt",331
Parisian-Kshlerin,332
Littel LLC,333
"Bogan, Kreiger and Deckow",334
Bogisich-Wisozk,335
"Pagac, Wiegand and Cronin",336
Flatley-Champlin,337
Bergnaum and Sons,338
Fadel-Rau,339
"Morissette, Maggio and Kris",340
Gerhold-West,341
Littel-Shanahan,342
Brown Inc,343
Kub Inc,344
Huel-Ward,345
Torp-Halvorson,346
Bayer and Sons,347
Willms-Sawayn,348
Krajcik-Brekke,349
Shanahan Inc,350
"Schaefer, Roberts and Schuster",351
"Aufderhar, Schaefer and Fay",352
Aufderhar and Sons,353
Reynolds-Schmeler,354
"Mohr, Upton and Howell",355
"Kemmer, Watsica and Bradtke",356
Hoeger LLC,357
Rath Group,358
"Upton, Hilll and Kassulke",359
Ortiz-Parker,360
Pacocha LLC,361
White and Sons,362
"Fadel, Wunsch and King",363
Ernser Inc,364
"Rosenbaum, Wiza and Schroeder",365
Abernathy-Beier,366
Wiegand and Sons,367
"Glover, Pfannerstill and Greenfelder",368
"Tillman, Dooley and Welch",369
Hahn-Jacobson,370
King LLC,371
"Schowalter, Heathcote and Zulauf",372
Nitzsche LLC,373
"Wyman, Cronin and Miller",374
Hyatt and Sons,375
Monahan-O'Reilly,376
"Kuhn, Tremblay and Baumbach",377
Schimmel LLC,378
Jakubowski-King,379
Ernser Inc,380
Cassin-Quigley,381
Osinski-Kuhn,382
Fay-Hintz,383
McKenzie-Douglas,384
"Nader, Schuppe and Armstrong",385
"Stamm, Luettgen and Schoen",386
"Satterfield, Rippin and Hegmann",387
Daugherty-Funk,388
Braun Inc,389
Schmitt-Deckow,390
"Douglas, Spencer and Orn",391
"Lehner, Fritsch and Pfannerstill",392
Labadie Inc,393
Marquardt Inc,394
Volkman and Sons,395
Wyman and Sons,396
Ward Group,397
Durgan-Gibson,398
"Hermiston, Raynor and Reynolds",399
Stokes-Corkery,400
Ankunding-Treutel,401
Marquardt Group,402
Fisher-Wiza,403
Schroeder-Abernathy,404
Jacobs Inc,405
Armstrong-Renner,406
Bartell Group,407
"Stehr, Lockman and Wiza",408
Champlin-Smitham,409
Nitzsche-Leffler,410
Grimes Inc,411
Blick-Bayer,412
"Heller, Strosin and Boyle",413
MacGyver-Borer,414
Leannon-Rau,415
"Crist, Rogahn and Carroll",416
Weimann-Ledner,417
"Wuckert, Terry and Gusikowski",418
Roob-Nader,419
Prohaska-Gorczany,420
Nienow Inc,421
Berge-Denesik,422
Hilll-Lockman,423
Beier and Sons,424
Olson-Reynolds,425
Shields-Wintheiser,426
O'Reilly Group,427
"Balistreri, Considine and Kautzer",428
"Lehner, Thiel and Bechtelar",429
Batz-Baumbach,430
McGlynn LLC,431
"Morar, Schumm and Baumbach",432
Bartell-Jacobs,433
Mills-Crooks,434
Breitenberg Inc,435
Schaefer LLC,436
Kihn-Barton,437
"Daugherty, Weimann and Romaguera",438
"Toy, Prosacco and Nienow",439
Ortiz LLC,440
"McDermott, Watsica and Volkman",441
Batz Inc,442
Hackett LLC,443
Greenfelder Group,444
"Mitchell, Herzog and Botsford",445
"Cartwright, Nikolaus and Corkery",446
Gislason Group,447
"Lockman, Wilderman and Crist",448
"Stoltenberg, Ullrich and Pouros",449
"Towne, Ebert and Keeling",450
Reynolds-Hegmann,451
Trantow-Huels,452
Lockman-Brakus,453
"Shanahan, Schinner and Konopelski",454
Schumm Group,455
"Labadie, O'Hara and Skiles",456
"Schoen, Marks and Breitenberg",457
"Morar, White and Von",458
"Schmeler, Beier and Labadie",459
Hand Inc,460
"Lind, Prosacco and Collins",461
Cummerata-Sauer,462
Walsh Group,463
Miller-Towne,464
"Bartell, Crooks and Kunze",465
"Muller, Sporer and Larkin",466
Rohan LLC,467
"Lemke, Rowe and Kunze",468
"DuBuque, Konopelski and Lindgren",469
"Goodwin, Emard and Robel",470
Gutmann Group,471
Armstrong and Sons,472
Schiller LLC,473
Harber LLC,474
"Gerhold, Carroll and Wilkinson",475
Shanahan Group,476
"Prosacco, Fahey and Keeling",477
Runte Group,478
Price Inc,479
Mueller-Ferry,480
Schamberger-Schowalter,481
Blanda Group,482
Herman-Blanda,483
"Bernier, Okuneva and Batz",484
"Lindgren, Romaguera and Bahringer",485
"Balistreri, Stehr and Dickens",486
Gibson-Swaniawski,487
"Haag, Johnson and McClure",488
Krajcik LLC,489
"Hahn, Lynch and Hintz",490
Lang-Beatty,491
Lakin-Predovic,492
Dicki Group,493
Schiller and Sons,494
"Sanford, Jones and McLaughlin",495
Orn Group,496
Corkery-Klocko,497
"Dach, Considine and Walker",498
Nader LLC,499
"Larkin, Kertzmann and Considine",500
Gottlieb-Roob,501
Hoppe Inc,502
Powlowski-Kris,503
Hoppe LLC,504
"Bogan, Murazik and Gleason",505
Rutherford-Hills,506
Stracke Inc,507
Leuschke-Connelly,508
Koss Group,509
"Osinski, Larson and Walsh",510
Bayer Inc,511
Ortiz-Bosco,512
Botsford-Walker,513
Gusikowski-Rogahn,514
"Johnson, Bernhard and DuBuque",515
Quitzon-Nitzsche,516
Carroll and Sons,517
Haley and Sons,518
Yundt LLC,519
Dare-Langworth,520
"Leffler, Goyette and Purdy",521
Fisher Inc,522
Krajcik-Funk,523
Balistreri-Mraz,524
O'Reilly Group,525
Dare and Sons,526
Vandervort-Erdman,527
"Mills, Lubowitz and Rath",528
"Reichel, Runolfsson and Dibbert",529
"Veum, Ruecker and McKenzie",530
Ziemann-Stanton,531
Armstrong Inc,532
Schroeder-Klocko,533
Littel-Nolan,534
"Watsica, Schultz and Hermiston",535
Tromp Inc,536
Daugherty Group,537
"Lueilwitz, Wolff and Torp",538
Lowe Inc,539
Hand and Sons,540
Steuber-Reynolds,541
Tillman-West,542
Kohler-Kling,543
Corwin Inc,544
Waelchi-Kuphal,545
"Stroman, Skiles and Pouros",546
Trantow-Mohr,547
"Ferry, Blanda and McClure",548
Gerhold-Lindgren,549
Hettinger Group,550
Jones and Sons,551
Littel LLC,552
Labadie-Hackett,553
Stroman and Sons,554
Stanton Inc,555
Quigley-Lindgren,556
Weissnat-Dare,557
Marvin-Labadie,558
"Langosh, Collier and Reichert",559
Wolf-Boyer,560
Schuppe-Wolf,561
"Hettinger, Ondricka and Terry",562
"Purdy, Weimann and Kshlerin",563
Padberg-Walker,564
Fadel-Johns,565
"Rosenbaum, Cormier and Pacocha",566
"Runte, Hayes and Oberbrunner",567
Schulist-Sanford,568
Kuvalis and Sons,569
Schuppe-Brekke,570
Gleichner Group,571
Hahn and Sons,572
Yost Group,573
Klocko-Wuckert,574
Haag Group,575
Ebert Inc,576
Hessel Group,577
"Baumbach, Kessler and Schiller",578
"Lueilwitz, Farrell and Bogan",579
D'Amore LLC,580
Weimann-Aufderhar,581
"Shanahan, Lakin and Sporer",582
"Welch, Effertz and Denesik",583
Brown-Carter,584
"Jast, Franecki and Considine",585
Hettinger and Sons,586
Ritchie Inc,587
Sanford Inc,588
Ullrich and Sons,589
Buckridge LLC,590
Kling-Kautzer,591
O'Kon-Cronin,592
Lowe-Tromp,593
"Boyle, Brekke and Wiza",594
Rowe LLC,595
Robel LLC,596
"Cormier, Schowalter and Murphy",597
Turcotte Inc,598
Blick and Sons,599
Hackett-Hahn,600
"Schuppe, McDermott and O'Conner",601
"Rolfson, Dibbert and Bins",602
Huels and Sons,603
Bechtelar-Leannon,604
Graham-Schimmel,605
Harris-Dickinson,606
Cummings Group,607
"Cronin, Hansen and Jerde",608
"Greenfelder, Raynor and Tromp",609
Dickens-Pfeffer,610
Sporer Group,611
Schulist Inc,612
Hermann-Monahan,613
Hagenes Inc,614
"Bradtke, Crona and Toy",615
Kuvalis-Nicolas,616
"Carter, Turcotte and Stracke",617
Williamson-Wehner,618
"Brakus, Harris and Prohaska",619
Ondricka LLC,620
Becker-D'Amore,621
Kovacek-Block,622
Spencer LLC,623
Kozey-Raynor,624
Rolfson LLC,625
Flatley-Pagac,626
"Haag, Bode and Mitchell",627
Pollich LLC,628
Miller Group,629
Willms LLC,630
Morissette-Hessel,631
"Tromp, Paucek and Gottlieb",632
Dietrich-Bechtelar,633
Spencer Group,634
Hamill-Hilll,635
"Stroman, Kub and Bernhard",636
"Ankunding, Goyette and Mante",637
Grady-Harris,638
"Kuhn, Zemlak and Hamill",639
Ratke-Jaskolski,640
Considine Inc,641
"Kulas, Muller and Smith",642
Ullrich-Kulas,643
Bednar LLC,644
Welch-Leannon,645
"Rohan, Schneider and Collins",646
Schaefer-Collier,647
Christiansen-Denesik,648
Hartmann Group,649
Goldner and Sons,650
Keeling Group,651
Wunsch-Hayes,652
Howe LLC,653
"Wolff, Olson and Ryan",654
Jakubowski Group,655
Shields-Lakin,656
Hahn-Gutmann,657
Kihn-Carter,658
"O'Reilly, Murphy and Fay",659
Harris LLC,660
Thompson-Wunsch,661
"Sawayn, Hoeger and Wunsch",662
"Huel, Turner and Homenick",663
Wunsch-Rau,664
Harber LLC,665
"Swaniawski, Huel and Osinski",666
"Torp, Jast and Lowe",667
"Lindgren, Kuphal and McCullough",668
"Medhurst, Rath and Langosh",669
Ernser-Langosh,670
Block and Sons,671
Bins-Cremin,672
"Quitzon, Rippin and Brekke",673
Kihn and Sons,674
Hilpert-Raynor,675
"Bayer, Connelly and Senger",676
Mertz-Littel,677
"Beier, O'Connell and Kshlerin",678
Fisher LLC,679
Glover LLC,680
Kulas Inc,681
Reilly-Leannon,682
Medhurst LLC,683
Rice-Pollich,684
"Mante, Corwin and Spencer",685
Bahringer LLC,686
Powlowski LLC,687
Glover Group,688
Schumm and Sons,689
Upton and Sons,690
"Nicolas, Hackett and Tillman",691
"Halvorson, Shanahan and Dare",692
"Stark, Hauck and Thiel",693
"O'Hara, Runolfsson and Kuvalis",694
Kihn Group,695
O'Conner-Hilpert,696
Parisian-Stoltenberg,697
Barton-Howe,698
"Wuckert, Cormier and Von",699
"Veum, Abernathy and Gulgowski",700
"West, Tromp and Hoeger",701
Bashirian Inc,702
Leffler Inc,703
"Parker, Kunde and Fritsch",704
Schulist LLC,705
Gleichner Inc,706
"Stoltenberg, Raynor and Feest",707
Flatley-Cassin,708
"Stehr, Hickle and Halvorson",709
Gibson-Ullrich,710
"Kuhn, Feil and Swift",711
Romaguera Group,712
Abbott-Dicki,713
Bogisich Inc,714
Hettinger LLC,715
Bechtelar and Sons,716
Marquardt Inc,717
"Green, Harber and Luettgen",718
"Schumm, Jacobi and Yundt",719
Schimmel-Turcotte,720
Botsford Group,721
Maggio-Johnston,722
Watsica-Braun,723
"Willms, Green and Langworth",724
"Collier, Greenholt and Hilpert",725
Hamill-Wintheiser,726
Cremin-Waters,727
"Streich, Jacobson and Gleichner",728
"McClure, Harvey and Thiel",729
Block Inc,730
Swift-Medhurst,731
Ratke and Sons,732
Braun-Hegmann,733
Morissette LLC,734
Dickinson-Runte,735
Zemlak-Becker,736
Ritchie-Witting,737
"Boyer, Bayer and Halvorson",738
Wiegand Group,739
Larson-Schulist,740
Bernhard Inc,741
Crona-Jones,742
"Schmitt, Herzog and Stiedemann",743
Walter-Jakubowski,744
Zulauf and Sons,745
"Crooks, Kuphal and Cormier",746
Hirthe and Sons,747
Heller Group,748
McClure and Sons,749
"Corkery, Nolan and Stanton",750
"Hirthe, Williamson and Haag",751
Zulauf and Sons,752
Borer and Sons,753
Lakin LLC,754
Von-Pouros,755
Windler-Cole,756
Torphy-Nolan,757
"Daniel, Murphy and Bernhard",758
Beahan Group,759
Dach-Rolfson,760
Abbott LLC,761
Shanahan-Hoeger,762
Green LLC,763
Gutmann-Koepp,764
"Heidenreich, Prohaska and Bradtke",765
Wiza-Parisian,766
Goodwin-Russel,767
Legros-Cronin,768
"Jacobson, Harber and Fritsch",769
Dicki Group,770
"Mills, Hammes and Zemlak",771
Will LLC,772
"Walsh, Macejkovic and Krajcik",773
Hermann Group,774
Stiedemann-Aufderhar,775
"Marvin, Wyman and Lynch",776
Torphy Group,777
Roob-Haag,778
Champlin-Koch,779
"Sauer, Heaney and Kihn",780
Nolan and Sons,781
Tromp-Lubowitz,782
Schumm and Sons,783
"Okuneva, Sanford and Grady",784
Carroll LLC,785
Tillman-Crooks,786
"Johnson, Koss and Kiehn",787
Ullrich-Heathcote,788
"Lindgren, Legros and Waters",789
Padberg LLC,790
McLaughlin and Sons,791
"Skiles, O'Reilly and Schmitt",792
"Ullrich, Steuber and Gulgowski",793
"Jast, Klocko and Willms",794
"Powlowski, Tremblay and Block",795
Hamill-Wolf,796
"Howe, Kirlin and Tremblay",797
Hills Inc,798
Swaniawski-Leuschke,799
Upton LLC,800
Spencer LLC,801
"Thompson, Mraz and Berge",802
Rohan LLC,803
Marks-Bosco,804
Ratke-Stamm,805
Wuckert LLC,806
Pagac-Baumbach,807
Wehner-Koepp,808
"Aufderhar, Koepp and Terry",809
Kris-Deckow,810
Schneider-Kuhlman,811
Hyatt-Robel,812
"Gorczany, Lowe and Botsford",813
"Kuphal, Nikolaus and Lesch",814
Rath LLC,815
"Walter, Wisozk and Rippin",816
Effertz Group,817
Kling LLC,818
Kohler-Metz,819
Mitchell-Sanford,820
Blick-Kshlerin,821
Koch-Lubowitz,822
"Mueller, Shanahan and Keeling",823
Von-Roberts,824
"Robel, Hettinger and Waelchi",825
"Turcotte, Hand and Hodkiewicz",826
"Johnson, Kihn and Bechtelar",827
Greenholt LLC,828
McClure-Schneider,829
"Champlin, Bayer and Langworth",830
Bosco-Lebsack,831
Feil Group,832
Skiles Inc,833
"Rempel, Witting and Padberg",834
Thiel LLC,835
Wisoky-Conroy,836
"Casper, Sawayn and Greenfelder",837
"Nicolas, Turcotte and Grady",838
"Konopelski, Cummings and Ernser",839
Goyette and Sons,840
Kovacek LLC,841
Lakin-Kautzer,842
"Ruecker, Schneider and Zieme",843
Spinka Group,844
Wiza-Hilll,845
"Kreiger, Grimes and Pagac",846
"Kub, O'Conner and Cruickshank",847
"Goodwin, Hirthe and Hilpert",848
Gulgowski-Jones,849
Dietrich-Ortiz,850
Kuhn-Bruen,851
Ledner-Casper,852
Simonis LLC,853
"Bradtke, Schmeler and Kemmer",854
Schinner Group,855
"Baumbach, Mayer and Little",856
Fahey Inc,857
Roob-Lang,858
Harvey-Ankunding,859
Hauck-Hills,860
"Terry, Mayer and Mosciski",861
"Wilderman, Fisher and Hegmann",862
Wilderman Inc,863
VonRueden-Nader,864
Jones and Sons,865
"Jakubowski, Stamm and Lubowitz",866
Hills-Kuphal,867
Corkery-VonRueden,868
Parker-Kirlin,869
Stiedemann Inc,870
"Schiller, Rolfson and Marvin",871
Hackett Group,872
"Thompson, Johns and Leuschke",873
Schulist-Kuhic,874
"Wunsch, Bahringer and Hessel",875
Koch-Hegmann,876
Boyle-Littel,877
Rosenbaum LLC,878
O'Hara-Welch,879
Hane-Beahan,880
Bergstrom-Renner,881
"Effertz, Quigley and Leffler",882
"Fay, Johnston and Hayes",883
"Pouros, Crona and Haley",884
Ratke-Cruickshank,885
Hauck-Schneider,886
"Wiza, Gerhold and Buckridge",887
"Goldner, Sporer and Huel",888
Moore Group,889
Littel LLC,890
Hermiston and Sons,891
"Harris, Spinka and Kuvalis",892
Parker LLC,893
"Kunde, Auer and Simonis",894
McGlynn-Larson,895
Wiegand Group,896
Lesch-Beer,897
Dare and Sons,898
Denesik Group,899
"Feeney, Brekke and Waelchi",900
"Bergstrom, Hagenes and Stamm",901
Greenfelder-Wolff,902
Pfannerstill-Brakus,903
"Moen, West and Moore",904
"Baumbach, Flatley and Kassulke",905
"Bogan, Tromp and Ernser",906
"Ernser, Ledner and Runolfsdottir",907
Greenfelder-Cremin,908
Wuckert-D'Amore,909
Streich-Schinner,910
"Conn, Hackett and Pagac",911
Schulist-Runolfsdottir,912
Gusikowski-Walsh,913
Howell and Sons,914
"Pollich, McLaughlin and Price",915
Waters and Sons,916
Hettinger-Dicki,917
Davis LLC,918
"Larson, Rempel and Schmitt",919
"Doyle, Terry and Mueller",920
Schmidt-Gislason,921
Reynolds and Sons,922
Kovacek-Murazik,923
Rolfson and Sons,924
"Hudson, Reichel and Rolfson",925
"Boyer, Lindgren and Becker",926
Collier Group,927
Satterfield-O'Keefe,928
Bergstrom Inc,929
Friesen Group,930
"Grant, Sauer and Jacobson",931
VonRueden-Sawayn,932
"Bernhard, Will and West",933
Armstrong-Harber,934
Emmerich Inc,935
"Wunsch, Ankunding and Upton",936
Powlowski-Kassulke,937
Crooks and Sons,938
Bogisich and Sons,939
Frami-Williamson,940
Carroll-Kuvalis,941
Romaguera Group,942
Spencer-Buckridge,943
Feeney-Reichel,944
Crooks-VonRueden,945
"Stiedemann, Mills and Hilpert",946
"Grady, Gottlieb and Rippin",947
Rodriguez and Sons,948
Bailey-Grant,949
"Ziemann, Graham and Kutch",950
"Jenkins, Kohler and Parisian",951
Ankunding-Hudson,952
"Daugherty, Fritsch and Brakus",953
Ratke and Sons,954
"Koelpin, Cassin and Haley",955
Graham-Mohr,956
Kling-Sanford,957
Hessel Inc,958
Schumm-Green,959
"Marvin, Oberbrunner and Ratke",960
Cremin Inc,961
"Rohan, Metz and Cole",962
Tremblay-Hane,963
Borer and Sons,964
Labadie-Johnston,965
Mann-Ritchie,966
Reichert LLC,967
Thiel and Sons,968
Ankunding Inc,969
"Auer, Kozey and Donnelly",970
Zulauf Inc,971
"Heathcote, Wuckert and Hermann",972
Brekke LLC,973
"Wilderman, Morissette and Lubowitz",974
Mueller Inc,975
Hoeger-Feest,976
Ruecker-Marquardt,977
"VonRueden, Mraz and Deckow",978
"Romaguera, Schuppe and Stiedemann",979
West and Sons,980
Connelly and Sons,981
Emmerich-Dicki,982
Dooley LLC,983
"Collins, Stehr and Russel",984
"Raynor, Senger and Schaefer",985
"Wintheiser, Lowe and Kiehn",986
Spinka and Sons,987
Corkery-Balistreri,988
"Gusikowski, Wuckert and Trantow",989
"Deckow, Hickle and Rohan",990
"Lehner, Ullrich and Rau",991
Reynolds-Wunsch,992
Gorczany and Sons,993
Reichert Group,994
Cronin-Reinger,995
"Kessler, Witting and Kohler",996
Toy LLC,997
Bartell and Sons,998
Hessel-Ortiz,999
"Sanford, Beatty and Rodriguez",1000
